"Feature ID","Surface","Feature / capability","User story","Expected behavior based on code","Code anchors","Initial test approach","Initial test command or route","Status","Test result","Errors","Fix status","Retest result","Notes"
"F001","Web / App shell","五区导航、语义路由、404、响应式导航","作为本地用户，我希望在 Work、Projects、Sessions、Review、Settings 间稳定导航，并能直接打开实体链接。","固定显示五个主导航；支持任务、项目、会话、复盘、设置及上下文动作路由；未知路由显示明确的 Not Found；导航在平板和手机宽度切换布局。","client/src/App.tsx:9-47; client/src/workbench/AppNavigation.tsx:3-59; client/src/workbench/AppNavigation.tsx:160-210","Playwright 导航、语义路由与移动端 smoke","cd client && bun x playwright test e2e/app-navigation.spec.ts e2e/semantic-routes.spec.ts e2e/mobile-and-dialog.spec.ts","Passed","d09b6e7：app-navigation 4/4、semantic-routes 4/4、mobile-and-dialog 6/6 通过。","","","",""
"F002","Web / Shared data","工作台 SWR 式共享快照与刷新错误保留","作为用户，我希望切换页面时复用最近数据，并在刷新失败时仍能查看旧数据。","四个主要数据源并行加载；快照 30 秒内视为新鲜；聚焦、重新可见或每 60 秒触发 revalidate；同周期去重且强制刷新最多追加一次；已有数据刷新失败时保留数据并显示可重试警报。","client/src/workbench/useWorkbenchData.ts:9-29; client/src/workbench/workbenchDataResource.ts:15-105; client/src/workbench/Workbench.tsx:64-155","Vitest 状态机与组件刷新错误测试","cd client && bun x vitest run src/workbench/workbenchDataResource.test.ts src/workbench/Workbench.refresh.test.tsx src/hooks/useAsync.test.tsx","Passed","d09b6e7：workbenchDataResource 3/3、Workbench.refresh 3/3、useAsync 3/3 通过。","","","","前端实现共享 stale snapshot；服务端扫描虽经 Worker，调用方仍 await fresh，尚无通用后台 stale refresh。"
"F003","Web / Work","任务捕获与四列工作板","作为用户，我希望快速新建任务并在 Inbox、Today、Doing、Later 中查看工作。","首页捕获提交到真实 API；任务按生命周期映射到工作板；列内支持新增；项目和实时会话摘要出现在侧边区域。","client/src/workbench/pages/WorkPage.tsx:40-205; server/src/web/routes/work-items.ts:84-118","Playwright 首页捕获与工作板 smoke","cd client && bun x playwright test e2e/work.spec.ts","Passed","d09b6e7：work.spec.ts 5/5 通过。","","","",""
"F004","Web + API / Capture","快捷捕获、实时 token 预览和中英文日期语法","作为用户，我希望用一行文本同时输入项目、标签、优先级、日期、时间、截止日、估时和 System 类型。","按 c 打开无障碍对话框；预览不持久化；提交后创建 Inbox 项目；支持项目、标签、优先级、日期、截止日、估时、System 以及中英文相对日期；未解析 token 与 rawInput 保留。","client/src/workbench/QuickCapture.tsx:6-148; server/src/web/routes/work-items.ts:94-130; server/src/domain/capture/parser.ts:3-174","Playwright 捕获路径和 parser 单元覆盖","cd client && bun x playwright test e2e/quick-capture.spec.ts e2e/work.spec.ts","Failed - Product","d09b6e7：quick-capture 1/1、work capture/parser specs 及 server suite 342/342 通过；未覆盖非 UTC 本地日期语义。","#128：在 Asia/Shanghai 和 America/Los_Angeles 复现 today/相对日期按 UTC 解析，午夜附近返回错误本地日期。","Tracked in #128","","相对日期和时间按 UTC 计算，非 UTC 用户在午夜附近可能看到日期偏差。"
"F005","Web / Inbox","键盘优先 Inbox 分拣、多选和撤销","作为键盘用户，我希望不离开键盘就能批量规划、置顶、降级、丢弃和调整优先级。","j/k 移动；Enter 打开；e 重命名；n/s/d 改状态；t 置顶；0..3 改优先级；v/V 多选；问号显示帮助；Cmd/Ctrl+Z 或 toast 按钮撤销。","client/src/workbench/InboxTriage.tsx:94-365","完整浏览器 gate 覆盖键盘冲突与撤销","bun run verify:ci","Passed","d09b6e7 verify:ci 通过；InboxTriage 12/12、keyboard 4/4、undo coordination tests 通过。","","","",""
"F006","Web / Today and board","Today 分拣、跨列拖放与 Done 投放","作为用户，我希望把任务移动到不同工作状态，并快速完成 Today 任务。","Today 使用独立 Shift 快捷键命名空间；支持多选、完成、取消置顶、丢弃、优先级和撤销；工作板支持跨列拖放以及拖入 Done 后持久化完成状态。","client/src/workbench/TodayTriage.tsx:41-203; client/src/workbench/pages/WorkPage.tsx:278-531","Playwright 拖放、完成和页面工作流","cd client && bun x playwright test e2e/edit-and-done.spec.ts e2e/work.spec.ts","Passed","d09b6e7：edit-and-done 5/5、work 5/5；Today/Inbox undo coordination tests 通过。","","","",""
"F007","Web / Search","全局任务搜索","作为用户，我希望从任意页面按 Cmd/Ctrl+K 或斜杠搜索任务并打开详情。","搜索范围实际仅为 WorkItem 的 title、description、labels；120ms 防抖；最多显示 12 条；支持方向键、快捷键和 Enter。","client/src/workbench/SearchPalette.tsx:8-139; server/src/web/routes/work-items.ts:46-60","浏览器手工搜索标题、描述和标签","手工：打开任意页面，按 Cmd+K，搜索任务标题、描述和标签","Not Tested","","","","","导航文案为 Search anything，但实现不搜索 Projects、Sessions、Skills 或知识。"
"F008","Web / Smart lists","内置与自定义智能列表","作为用户，我希望快速查看 overdue、today-pinned、P0/P1、Inbox、Someday、Systems 及自定义标签列表。","反引号切换 chip 条；内置筛选查询服务端；自定义标签筛选保存在 localStorage；显示计数并可打开匹配任务；自定义 chip 可删除。","client/src/workbench/SmartLists.tsx:8-209","浏览器手工覆盖内置和自定义 chip","手工：在 / 按反引号，逐一打开内置 chip，创建并删除自定义 chip","Not Tested","","","","",""
"F009","Web / Todo detail","任务编辑、完成、重开和确认丢弃","作为用户，我希望在任务详情编辑核心字段，并安全改变生命周期。","详情按 ID 加载；标题和描述可编辑；优先级、项目、due、recurrence、reminder 可持久化；完成后可重开；Drop 位于二级菜单并要求确认；System 模板不能直接完成。","client/src/workbench/pages/TodoDetailPage.tsx:49-118; client/src/workbench/pages/TodoDetailPage.tsx:383-455; client/src/workbench/pages/TodoDetailPage.tsx:630-767","Playwright 编辑、完成、重开和 recurrence","cd client && bun x playwright test e2e/edit-and-done.spec.ts e2e/recurrence.spec.ts","Not Tested","","","","",""
"F010","Web + API / Todo structure","子任务、内嵌 checklist 和任务 journal","作为用户，我希望把任务拆成子任务和 checklist，并记录过程日志。","子任务单独持久化并能完成或丢弃；checklist 可新增、切换、重命名和删除；journal 可列出、新增和删除；加载状态和 API 错误会显示。","client/src/workbench/pages/TodoDetailPage.tsx:450-625; client/src/workbench/pages/todo-detail.checklist.tsx:32-151; server/src/web/routes/work-items.ts:161-197; server/src/web/routes/work-items.ts:221-253","服务端 route 测试加浏览器详情路径","cd server && bun test src/web/routes/work-items-v3.test.ts && cd ../client && bun x playwright test e2e/edit-and-done.spec.ts","Not Tested","","","","",""
"F011","Web + API / Todo context","标签、项目和会话关联","作为用户，我希望给任务加标签、关联项目和 Claude/Codex 会话，以便保留执行上下文。","详情可增删标签、切换项目、列出关联会话并 link/unlink；启动会话入口携带 todoId。","client/src/workbench/pages/TodoDetailPage.tsx:535-649; client/src/api/agent-sessions.ts:72-103; server/src/web/routes/work-items.ts:266-294","关系服务与会话集成测试","cd server && bun test src/domain/work-item-session/service.test.ts src/__tests__/integration/sessions.int.test.ts","Not Tested","","","","",""
"F012","Web + Domain / Recurrence","重复任务自动生成下一实例","作为用户，我希望日、工作日、周、月或完成后间隔的任务在完成时生成下一实例。","选择器支持 daily、weekdays、weekly、monthly、after 1d/7d；完成 recurring item 时根据规则生成下一日期；月末日期会夹到目标月最后一天。","client/src/workbench/pages/TodoDetailPage.tsx:685-701; server/src/domain/work-item/recurrence.ts:3-103","Playwright 选择器和 recurrence 单元测试","cd client && bun x playwright test e2e/recurrence.spec.ts && cd ../server && bun test src/domain/work-item/recurrence.test.ts","Failed - Product","d09b6e7：recurrence Playwright 1/1 及 server recurrence tests 通过；未覆盖非 UTC 本地日历边界。","#128：在 Asia/Shanghai 和 America/Los_Angeles 复现重复任务日期按 UTC 边界计算，可能生成错误本地日期。","Tracked in #128","","重复日期计算使用 UTC 日历边界。"
"F013","Web / Notifications","浏览器内提醒","作为用户，我希望任务 reminderAt 到期时收到系统通知，并点击进入任务。","设置页请求浏览器权限；页面打开期间每 60 秒拉取所有开放任务并在上个 tick 到当前时刻的窗口内触发通知；localStorage 去重；点击通知导航至任务。","client/src/workbench/pages/SettingsPage.tsx:223-288; client/src/workbench/ReminderTicker.tsx:6-103","真实浏览器通知权限与定时 smoke","手工：在 /settings 授权通知，创建一分钟内 reminderAt 并保持页面打开","Not Tested","","","","","不是后台通知服务；关闭页面、休眠或离线超过一分钟可能漏掉提醒。"
"F014","Web + API / Systems","可复用 System 模板和独立 Run","作为用户，我希望把固定流程保存为模板，每次运行时得到独立 checklist 副本。","kind=system 项目不可完成；Run system 创建独立 Run 和 checklist 副本；模板详情显示运行历史；快速捕获支持 System token。","client/src/workbench/pages/TodoDetailPage.tsx:401-507; server/src/web/routes/work-items.ts:255-264","Playwright System 全生命周期","cd client && bun x playwright test e2e/systems.spec.ts","Passed","d09b6e7：systems.spec.ts 5/5 通过。","","","",""
"F015","Web + API / Evidence","手工与会话推断完成证据","作为用户，我希望从代理输出推断任务是否完成，但最终由我确认。","可手工记录证据；在 Session Worker 扫描关联会话最后消息中的完成提示，生成待确认候选；接受会把任务标为 done，拒绝清除候选；无 checklist 时推断进度标为 estimated。","client/src/workbench/pages/todo-detail.evidence.tsx:34-221; server/src/domain/evidence/service.ts:97-225; server/src/web/routes/evidence.ts","Evidence 单元和集成测试","cd server && bun test src/domain/evidence/service.test.ts src/__tests__/integration/evidence.int.test.ts","Not Tested","GH127：infer 会话扫描改为 scanAsync；domain/API create、infer、accept、reject 回归通过。","","","","仅验证 domain/API；Web evidence panel 的候选展示、确认和拒绝流程尚未验证。"
"F016","Web / Todo promotion","把任务提升为 feature、project 或 lesson","作为用户，我希望把已有任务演化成更长期的项目结构或知识。","可把 kind 改为 feature；可用任务标题创建新 project；可保存为 cross-project lesson 并丢弃来源任务；按钮禁用和错误路径由页面处理。","client/src/workbench/pages/TodoDetailPage.tsx:717-740","浏览器手工验证三种 promotion 及持久化","手工：打开 /todos/:id，依次验证三种 promote 操作及持久化结果","Not Tested","","","","",""
"F017","Web / AI drafts","Idea 拆解与 Decision Inbox 审阅后写入","作为用户，我希望 AI 先生成可编辑草稿，只有确认后才创建普通任务。","decompose 创建 generation run 和 decision drafts；Decision Inbox 可编辑标题、优先级、标签，拒绝、手工采用或安全批量采用；带 review flags 的草稿不会被安全自动采用。","client/src/workbench/pages/todo-detail.ai.tsx:5-39; client/src/workbench/DecisionInbox.tsx:18-289; server/src/web/routes/work-item-ai.ts:23-77","Playwright mock provider 审阅路径","cd client && bun x playwright test e2e/decision-inbox.spec.ts","Passed","d09b6e7：decision-inbox.spec.ts 3/3 通过。","","","",""
"F018","Web + API / Meeting triage","会议文本导入、来源片段和人工采用","作为用户，我希望从会议记录生成带来源证据的任务草稿，并在写入前审阅。","导入文本先保存 meeting source，再调用 AI 生成带 source spans 的草稿；高风险草稿需要手工 review；普通工作项只在采用后创建。","client/src/workbench/DecisionInbox.tsx:139-246; server/src/web/routes/meeting-triage.ts:8-49","Playwright meeting triage golden path","cd client && bun x playwright test e2e/meeting-triage.spec.ts","Passed","d09b6e7：meeting-triage.spec.ts 2/2 通过。","","","",""
"F019","Web + API / Task coach","任务对话、摘要和确认写入","作为用户，我希望与任务 Coach 对话，并选择把摘要追加到描述、journal 或 checklist。","消息持久化；summarize 只生成候选；用户确认 apply 后才写入所选目的地，并记录可追溯 ai_write。","client/src/workbench/pages/todo-detail.coach.tsx:16-168; server/src/web/routes/work-item-coach.ts:21-68","Playwright Coach 流程与 route 测试","cd client && bun x playwright test e2e/task-coach.spec.ts && cd ../server && bun test src/web/routes/work-item-coach.test.ts","Passed","d09b6e7：task-coach Playwright 1/1、work-item-coach route tests 通过。","","","",""
"F020","Web + API / Projects","项目搜索与 CRUD","作为用户，我希望创建、查找、编辑和删除项目，而不误删其任务。","项目列表支持搜索和空状态；创建或编辑持久化 name、description、emoji、review cadence；删除需要确认，任务仅解除项目关联而不删除。","client/src/workbench/pages/ProjectsPage.tsx:6-65; client/src/workbench/pages/ProjectFormPage.tsx:12-90; client/src/workbench/pages/ProjectFormPage.tsx:93-356","Playwright 项目创建、详情和语义路由","cd client && bun x playwright test e2e/app-navigation.spec.ts e2e/project-detail.spec.ts","Not Tested","","","","",""
"F021","Web + API / Project knowledge","项目 intent、milestones、decisions、notes、lessons","作为用户，我希望项目页成为可编辑的长期上下文中心。","项目页并行加载知识和绑定技能；intent 和 notes 可编辑；milestone、decision、lesson 支持增改删；lesson 可切换 cross-project；失败显示可重试面板。","client/src/workbench/pages/ProjectDetailPage.tsx:40-96; client/src/workbench/pages/project-detail.knowledge.tsx:55-455; server/src/web/routes/project-knowledge.ts:16-208","项目详情 Playwright 与知识 service 测试","cd client && bun x playwright test e2e/project-detail.spec.ts && cd ../server && bun test src/domain/project-knowledge/service.test.ts","Not Tested","","","","",""
"F022","Web + API / Project decisions","从最近会话提取并审阅项目决策","作为用户，我希望把代理会话中的决策候选纳入项目 decision log。","项目页查询最近三个项目会话的候选；可接受到已有 decision 或忽略；候选状态持久化。","client/src/workbench/pages/ProjectDetailPage.tsx:98-125; client/src/workbench/pages/ProjectDetailPage.tsx:281-314; server/src/web/routes/agent-sessions.ts:45-116","Decision extraction 与 candidate service 测试","cd server && bun test src/domain/capture/decision-candidates.test.ts src/domain/capture/decision-extract.test.ts","Not Tested","d09b6e7：decision extraction 与 DecisionCandidateService 子层 tests 通过，包含在 server 342/342。","","","","仅验证 domain 子层；项目页交互及 HTTP accept/ignore/persistence 尚未做端到端验证。"
"F023","Web + API / Skills","技能目录、安装状态和项目绑定","作为用户，我希望搜索技能、管理目录状态，并决定启动项目会话时自动加载哪些技能。","支持搜索和 all、installed、bound、official、community tabs；可新建、删除、切换 installed 状态、复制安装命令、切换项目绑定；绑定技能进入 session prompt。","client/src/workbench/pages/SkillsSettingsPage.tsx:23-205; client/src/workbench/pages/SkillsSettingsPage.tsx:620-709; server/src/domain/skill/service.ts:31-135","Playwright 技能目录和绑定工作流","cd client && bun x playwright test e2e/skills-settings.spec.ts","Not Tested","","","","","install 和 uninstall 只切换 SQLite installed 布尔值，不实际安装或卸载外部技能包。"
"F024","Web / Sessions","Live 与最近会话列表","作为用户，我希望查看 Claude/Codex 当前和近期活动。","扫描两个 provider 后按 lastActiveAt 排序；前端工作台保留最近 30 个用于列表；Sessions 页区分 live 和 recent，所有链接都携带 provider 与 ID。","client/src/workbench/data.ts; client/src/workbench/pages/SessionsPage.tsx; client/src/workbench/shared.tsx","Playwright Sessions 页面与规范深链","cd client && bun x playwright test e2e/app-navigation.spec.ts e2e/semantic-routes.spec.ts","Passed","GH127：所有产品内 session 链接为 /sessions/:provider/:id；详情不依赖 30 条列表。","","","","列表仍有意只展示最近 30 个；更旧 session 可由规范深链直接加载。"
"F025","Web + API / Session detail","真实 transcript、工具调用、文件和上下文","作为用户，我希望打开会话查看真实消息、工具调用、diff、文件、相关任务和项目。","规范路由按 provider + ID 直接获取 session；旧 ID-only 链接仅在唯一匹配时跳转；事件 API 使用有界 cursor 页和完整摘要；页面增量追加 transcript，并保持跨页工具配对。","client/src/workbench/pages/SessionDetailPage.tsx; client/src/api/agent-sessions.ts; server/src/web/routes/agent-sessions.ts; server/src/adapters/session-event-page.ts","组件、Worker、API、性能和 Playwright 深链测试","bun run typecheck && cd server && bun test src/adapters/session-event-page.test.ts src/adapters/session-scan-worker.test.ts src/__tests__/integration/sessions.int.test.ts && cd ../client && bun x vitest run src/workbench/pages/SessionDetailPage.test.tsx","Passed","GH127：旧于 30 条、跨 provider 重 ID、cursor 边界、512 KiB 上限、跨页配对、摘要、retry 与 8k transcript 并发 health 均通过。","","","","事件页按事件数和字节双重限制；显式加载更多后浏览器才保留更多历史。"
"F026","Web + API / Session dispatch","从任务组合上下文并启动 Claude/Codex","作为用户，我希望把任务、项目 intent、skills、lessons 和 subtasks 组合成提示词并启动代理。","compose 写临时 prompt 文件并返回建议命令；dispatch 记录 run 并 fire-and-forget 启动 CLI；找不到 CLI 时返回可复制命令；UI 可预览、选择工具、查看估算和关闭 run。","client/src/workbench/pages/SessionStartPage.tsx:14-131; client/src/workbench/pages/SessionStartPage.tsx:259-379; server/src/domain/session-dispatch/service.ts:17-237","Playwright dispatch 路径与 service 单元测试","cd client && bun x playwright test e2e/session-dispatch.spec.ts && cd ../server && bun test src/domain/session-dispatch/service.test.ts","Passed","d09b6e7：session-dispatch Playwright 1/1；SessionDispatchService compose、context、fallback、run tests 通过。","","","",""
"F027","Web + API / Weekly review","周复盘、陈旧任务处理、下周计划和 Markdown 导出","作为用户，我希望按 ISO 周复盘完成情况、代理投入和陈旧任务，并安排下周。","可前后切换 ISO 周；显示完成数、focus hours、项目分布、feature 进展和 WoW；可处理 stale item；可下载 Markdown。","client/src/workbench/pages/WeeklyReviewPage.tsx:21-190; client/src/workbench/pages/WeeklyReviewPage.tsx:453-516; server/src/domain/analytics/weekly.ts:27-159","Playwright 周复盘与导出单元测试","cd client && bun x playwright test e2e/weekly-review.spec.ts e2e/edit-and-done.spec.ts && bun x vitest run src/workbench/pages/weekly-review.export.test.ts src/workbench/pages/weekly-review.week.test.ts","Failed - Product","PR #137：非 UTC 周界、focus hour、标签和导出已按配置时区验证；合法 non-monotonic usage 仍待修。","#123：合法 non-monotonic token 计数会令 weekly API 返回 500。","Tracked in #123","","Share with team 是无事件处理器的死按钮；合法乱序 session timestamp 仍会阻断 Weekly。"
"F028","Web + API / Usage review","30 天 token、成本、模型、小时和项目用量分析","作为用户，我希望知道代理 token 和成本花在哪里。","按配置时区聚合最近 30 个日历日；显示 totals、daily spend、本地小时热图、model mix、project leaderboard 与精确范围；项目行可跳转；没有数据和加载错误有明确状态。","client/src/workbench/pages/UsageReviewPage.tsx; server/src/domain/analytics/burn.ts","Playwright usage、性能和 Burn 单元测试","cd client && bun x playwright test e2e/usage-review.spec.ts e2e/weekly-review.performance.spec.ts && cd ../server && bun test src/domain/analytics/burn.test.ts","Passed","PR #137：Shanghai/Los Angeles/New York 日界、DST、重复小时、UI 范围与 Worker 性能门禁通过。","","","","Burn 使用小堆 Worker 内聚合且不返回 raw events；滚动 totals 的无上界旧契约已由响应 metadata 明示。"
"F029","Web / Settings","主题、通知权限和预算管理","作为用户，我希望个性化界面、开启提醒，并设置支出上限。","支持七个主题并持久化；显示通知权限并允许请求授权；预算可按 scope 和 day、week、month、quarter 创建、改 cap、删除；同 scope 和 period 唯一；Usage 按配置时区的真实活动周期评估每个 cap。","client/src/workbench/pages/SettingsPage.tsx; client/src/workbench/pages/UsageReviewPage.tsx; server/src/domain/analytics/burn.ts","预算 service、四周期聚合和预算 UI 测试","cd server && bun test src/domain/budget/service.test.ts src/domain/analytics/burn.test.ts && cd ../client && bun x vitest run src/workbench/pages/visible-api-errors.test.tsx","Passed","GH126：day/week/month/quarter、边界、空数据、全局/项目 scope、范围标签与超额状态定向测试通过。","","","","预算四周期由一个有界 Worker 聚合计算，不按预算条数重复扫描历史。"
"F030","API / Work items","任务 CRUD、筛选、Today、stale 和 lifecycle API","作为本地自动化调用方，我希望通过 API 完整管理任务。","支持列表筛选、CRUD、Today、stale、capture、preview、pin、priority、subtasks、journal、checklist、System run、session links 和 completion accept/reject；Zod 校验并映射结构化错误。","server/src/web/routes/work-items.ts:37-325","服务端 route 与集成测试","cd server && bun test src/web/routes/work-items-v3.test.ts src/__tests__/integration/api.int.test.ts","Passed","d09b6e7：work-items-v3 与 api integration tests 通过，包含在 server 342/342。","","","",""
"F031","API / Projects and knowledge","Area、知识、lesson 和 skill binding API","作为本地集成调用方，我希望管理项目元数据、知识和技能绑定。","Areas 支持 CRUD；project knowledge 支持 intent、milestones、decisions、notes；lessons 支持相关性查询和 CRUD；skills 和 project bindings 支持 CRUD 与 toggle。","server/src/web/routes/areas.ts:9-45; server/src/web/routes/project-knowledge.ts:19-208; server/src/web/routes/skills.ts:6-114","领域 service 测试","cd server && bun test src/domain/area/service.test.ts src/domain/project-knowledge/service.test.ts src/domain/skill/service.test.ts","Not Tested","d09b6e7：Area、ProjectKnowledge、Skill domain service 子层 tests 通过，包含在 server 342/342。","","","","仅验证 domain 子层；HTTP CRUD、project binding toggle 及错误契约尚未验证。"
"F032","API / Agent sessions and workboard","provider 会话扫描、详情、事件和项目汇总","作为本地集成调用方，我希望读取 Claude/Codex 会话及其与任务、项目的关系。","列表每 provider 最多 100 个；provider + ID 详情无文件数截断；events 返回不超过 200 事件且受 512 KiB 字节预算约束的 cursor 页、完整摘要和 cache；workboard 合并任务、链接和 parse errors。","server/src/web/routes/agent-sessions.ts; server/src/adapters/session-event-page.ts; server/src/web/routes/workboard.ts","会话、分页与 API 集成测试","cd server && bun test src/adapters/session-event-page.test.ts src/__tests__/integration/sessions.int.test.ts src/__tests__/integration/api.int.test.ts","Passed","GH127：旧于 30 条的精确详情、分页 metadata、非法 query、大 transcript health 和 Worker contract 通过。","","","","精确详情可能扫描全部 provider metadata，但工作在 Worker 且复用指纹缓存。"
"F033","API / AI review flows","AI drafts、meeting triage、coach 和 AI write traceability","作为本地集成调用方，我希望调用 review-first AI 能力且没有静默写入。","provider 默认 disabled；decompose 和 meeting import 生成草稿；accept 才创建任务；coach summary 必须 apply 才写入；错误以结构化形式返回。","server/src/web/routes/work-item-ai.ts:23-77; server/src/web/routes/meeting-triage.ts:14-49; server/src/web/routes/work-item-coach.ts:21-68; docs/AI_PROVIDER.md:19-35","AI route 测试与 deterministic provider","cd server && bun test src/web/routes/work-item-ai.test.ts src/web/routes/meeting-triage.test.ts src/web/routes/work-item-coach.test.ts","Passed","d09b6e7：work-item-ai、meeting-triage、work-item-coach route tests 通过，包含在 server 342/342。","","","",""
"F034","API / Analytics and budgets","Burn、weekly 和 budget API","作为本地集成调用方，我希望查询用量复盘并维护预算。","burn days 被限制到 1..365；weekly 要求有效 ISO week；budget-spend 一次返回配置时区的四个活动周期和 cache；budget CRUD 要求正数 cap，period 为 day、week、month、quarter。","server/src/web/routes/analytics.ts; server/src/web/routes/budgets.ts","Analytics 与 budget 领域测试","cd server && bun test src/domain/analytics/burn.test.ts src/domain/analytics/weekly.test.ts src/domain/budget/service.test.ts src/__tests__/integration/api.int.test.ts","Failed - Product","PR #137 与 GH126：时区化 Burn/Weekly、四周期 budget-spend、Worker 紧凑聚合和 API metadata tests 通过。","#123：合法 non-monotonic token 计数可令 weekly aggregate 返回 500。","Tracked in #123","","Burn 与 budget-spend 经 Worker 聚合；调用方仍 await fresh 结果，后端没有通用 stale-while-refresh 响应。"
"F035","API / Local safety","Health、loopback 绑定和浏览器 Origin 限制","作为单机用户，我希望服务只在本机监听，并拒绝未信任浏览器 origin。","host 仅允许 loopback；默认端口 4174；允许本地 5173 origins 及显式额外 origins；有 Origin 且不在集合时返回 403；health 返回版本与时间。","server/src/config.ts:25-31; server/src/config.ts:108-128; server/src/web/app-factory.ts:50-67; server/src/web/app-factory.ts:157-167","配置与 API 安全集成测试","cd server && bun test src/config.test.ts src/__tests__/integration/api.int.test.ts","Passed","d09b6e7：config security 与 API Origin allowlist integration tests 通过；doctor health 200。","","","","无 auth 是单用户本机设计边界；若通过隧道或非受信本地环境暴露则不安全。"
"F036","Backend / Session scanning","JSONL 扫描、SQLite 指纹缓存和单飞","作为用户，我希望反复打开页面时只重解析变化的 Claude/Codex JSONL，并看到坏文件错误。","按 source path、mtime、size 复用缓存；缓存损坏会删除并报错；full、activity、Burn、event page 与 decision extraction 由 SessionScanWorker 执行；相同 scan/aggregate 请求共享 Promise。","server/src/adapters/session-cache.ts; server/src/adapters/aggregator.ts; server/src/adapters/session-scan-worker.ts; server/src/adapters/session-scan-worker-entry.ts","Scanner、cache、aggregator、worker、event page 与 tail 测试","cd server && bun test src/adapters/aggregator.test.ts src/adapters/session-scan-worker.test.ts src/adapters/session-event-page.test.ts src/adapters/claude/scanner.test.ts src/adapters/codex/scanner.test.ts src/adapters/jsonl-tail.test.ts","Passed","GH127：event page、decision extraction 与 evidence infer 均离开 API 主循环；Session Worker 和全量 server regression 通过。","","","","调用方仍 await fresh 结果；后端没有覆盖所有 session-derived route 的通用 stale-while-refresh 响应。"
"F037","CLI","stash capture","作为终端用户，我希望用 stash 或 stash add 快速捕获任务。","读取 STASH_BASE_URL；5 秒超时调用 capture API；成功输出解析摘要；网络、HTTP 或响应格式错误退出 1。","tools/stash:1-159","隔离数据库上的 CLI 端到端 capture","在隔离 DB 服务上执行 STASH_BASE_URL=http://127.0.0.1:4174 tools/stash add smoke","Not Tested","","","","",""
"F038","CLI","stash doctor","作为终端用户，我希望确认 stash 服务可达。","调用 health，5 秒超时；要求 JSON object 且 ok 为 true；显示 service、version、time 和耗时；不接受额外文本。","tools/stash:31-87; tools/stash:136-159","CLI help 与运行中服务 smoke","tools/stash --help; 服务运行时执行 tools/stash doctor","Not Tested","","","","","CLI 没有 stash backup 或 stash restore 子命令。"
"F039","Operations / Doctor","仓库级环境诊断","作为本地安装者，我希望检查 Bun、DB、Claude/Codex 路径和两个开发服务器。","检查 Bun 版本、DB dir 和 file、两个 session roots、server health 和 Vite；默认缺失项为 warn，strict 为 fail；输出 next hint。","scripts/doctor.ts:17-77; scripts/doctor.ts:80-159; scripts/doctor.ts:184-210","Doctor 单元测试和 strict smoke","bun test scripts/doctor.test.ts; bun run doctor --strict","Not Tested","","","","","Web Settings 没有对应的完整配置和 source health 诊断视图。"
"F040","Operations / Install","CLI symlink 安装","作为本地用户，我希望把仓库内 CLI 安装到 PATH。","默认创建本地 bin 下的 stash symlink；STASH_CLI_DIR 可覆盖；相同链接幂等；已有其他目标必须 force；设置源文件可执行位；PATH 缺失时输出提示。","tools/install-cli.ts:1-76","临时安装目录 smoke","STASH_CLI_DIR=/tmp/stash-cli-smoke bun run install:cli && /tmp/stash-cli-smoke/stash --help","Not Tested","","","","","安装仅覆盖 CLI symlink，不安装 server、client 或长期运行服务。"
"F041","Operations / Runtime config","环境变量配置与旧 DB 路径兼容","作为本地用户，我希望覆盖服务端口、DB、备份、session roots、origin、spawn 和 AI provider。","配置仅来自环境变量和默认值；macOS 新默认 DB 不存在时回退已有 XDG 或 legacy app.db；非法整数、host、spawn mode、AI mode 会抛错。","server/src/config.ts:5-49; server/src/config.ts:53-85; server/src/config.ts:87-131","配置单元测试","cd server && bun test src/config.test.ts","Passed","d09b6e7：config.test.ts 全部通过，包含默认路径、loopback、origins、spawn 和 AI provider。","","","","Settings 显示不存在的 ~/.stash/config.toml；代码没有读取该文件。"
"F042","Operations / Data safety","手工 SQLite backup","作为用户，我希望在升级或操作前生成一致的本地数据库快照。","db backup 使用 VACUUM INTO 写入唯一时间戳文件，验证非空并输出路径；支持 DB 和 backup dir 环境变量；内存库和不存在的 DB 会失败。","server/src/db/backup.ts:34-53; server/scripts/db-backup.ts:1-27","Backup 单元测试和隔离 DB smoke","cd server && bun test src/db/backup.test.ts","Passed","d09b6e7：database backup and restore test 通过。","","","",""
"F043","Operations / Data safety","安全 restore","作为用户，我希望从有效备份恢复，同时保留恢复前的当前数据库。","restore 先 quick_check 输入；已有目标先写 pre-restore backup；删除 WAL 和 SHM 后替换文件；再次 quick_check；文档要求先停止服务。","server/src/db/backup.ts:55-94; server/scripts/db-restore.ts:1-28; docs/DATA_SAFETY.md:48-64","Restore 单元测试和隔离 DB round trip","cd server && bun test src/db/backup.test.ts","Passed","d09b6e7：database backup and restore round-trip test 通过。","","","","只能通过 bun script 使用，CLI 无 restore 子命令。"
"F044","Operations / Migration","启动时迁移及迁移前自动备份","作为升级用户，我希望 schema 向前迁移且原数据库可恢复。","按文件名顺序应用未执行 SQL，每个 migration 单独事务并记录；已有磁盘 DB 在存在 pending migrations 时先写 migration backup；新 DB 和内存 DB 不备份初始建表。","server/src/db/migrate.ts:14-74; server/src/db/connection.ts:12-33; docs/DATA_SAFETY.md:66-79","Migration 与 backup 测试","cd server && bun test src/db/migrate.test.ts src/db/backup.test.ts","Passed","d09b6e7：migrate 5/5 与 backup/restore test 通过，包含 seeded non-empty migration preservation。","","","","README 架构段仍写 migrations 001 到 007，实际已有 001 到 018。"
"F045","Operations / Demo","基础和 rich demo seed","作为新用户或测试者，我希望快速生成可浏览的项目、任务、知识、技能和示例会话。","root scripts 提供 seed、seed rich 和 rich sessions；rich sessions 生成 fixture Claude JSONL；release 文档要求重跑不重复每表数据。","package.json:24-28; server/fixtures/seed.ts:1; server/fixtures/seed-rich.ts:1; docs/RELEASE_CHECKLIST.md:104-118","隔离 DB 与 roots 的 seed smoke","STASH_DB_PATH=/tmp/stash-seed-smoke.db CLAUDE_ROOT=/tmp/stash-seed-claude bun run seed:rich:sessions","Not Tested","","","","",""
"F046","Operations / Release","源码 checkout 的人工发布验证流程","作为维护者，我希望在交给新本地用户前验证精确 commit 的安装、启动、CLI、路由、数据安全和回归测试。","提供手工 release checklist 和 verify gates；当前发行方式仍是源码安装加本地 server 和 client，packages 为 private。","package.json:2-31; docs/RELEASE_CHECKLIST.md:1-210; README.md:231-276","完整 CI gate 加干净 clone release checklist","bun run verify:ci，并按 docs/RELEASE_CHECKLIST.md 在干净 clone 完整执行","Failed - Logistical","#129 fresh-root release smoke 失败。","#129：fresh root 执行 bun install 未安装 client/server 子包依赖，随后 bun run verify:ci 失败。","Tracked in #129","","没有 LICENSE、CHANGELOG、可安装应用包、桌面 wrapper、launchd 或 service 配置；适合个人使用，不是完整公共发行。"
